leaf_id,gio_cao_diem,dam_tu_(>),dam_den_(<=),gia_de_xuat_usd,so_chuyen_lam_can_cu
4,Cả hai,0.0,0.15,32.4,518
6,Cả hai,0.15,0.86,7.5,21073
7,Cả hai,0.86,1.3,10.0,20959
10,Cả hai,1.3,1.52,11.9,8099
11,Cả hai,1.52,1.74,13.0,6707
13,Cả hai,1.74,2.01,14.3,7366
14,Cả hai,2.01,2.42,15.9,7783
18,Cả hai,2.42,2.75,17.7,4730
19,Cả hai,2.75,3.15,19.4,4060
21,Cả hai,3.15,3.61,21.2,3474
22,Cả hai,3.61,4.17,23.3,2773
25,Cả hai,4.17,4.61,25.3,1643
26,Cả hai,4.61,5.38,27.1,2195
28,Cả hai,5.38,6.53,30.4,2446
29,Cả hai,6.53,7.12,33.3,1056
34,Cả hai,7.12,7.82,35.5,1107
35,Cả hai,7.82,8.7,38.1,1534
37,Cả hai,8.7,9.32,40.6,1136
38,Cả hai,9.32,10.23,43.2,1634
41,Cả hai,10.23,11.32,46.2,1522
42,Cả hai,11.32,12.51,49.1,1062
44,Cả hai,12.51,13.52,52.8,553
45,Cả hai,13.52,14.7,56.7,536
48,Cả hai,14.7,16.32,64.1,908
50,Cả hai,16.32,19.7,70.4,3445
51,Cả hai,19.7,23.38,74.1,845
52,Cả hai,23.38,không giới hạn,119.4,501
